"","v_names","v_label"
"SbjNum","SbjNum","SbjNum"
"Srvyr","Srvyr","Srvyr"
"surveyer_code","surveyer_code","Surveyer code"
"Latitude","Latitude","Latitude"
"Longitude","Longitude","Longitude"
"VStart","VStart","VStart"
"VEnd","VEnd","VEnd"
"Lang","Lang","Select Language:"
"State","State","State:"
"District","District","District"
"custom_Village","custom_Village",""
"PSUType","PSUType","PSU Type"
"Demographics_Srt_time","Demographics_Srt_time","Section Start Time"
"Consent1","Consent1","INTERVIEWER: May I record your oral consent?"
"Consent2","Consent2","INTERVIEWER: Do you consent to participate?"
"Consent3","Consent3","INTERVIEWER: Do you consent to note taker?"
"Consent4","Consent4","INTERVIEWER: Do you consent to spot check?"
"HH1","HH1","How many persons usually live in your household and are of 18 years of age and above?"
"I_1_HH3","I_1_HH3","(Person 1) What is the relationship of {0} to the head of the household?"
"I_1_HH4","I_1_HH4","(Person 1) What is {0} gender?"
"I_1_HH5","I_1_HH5","(Person 1) How old is {0} ?"
"I_2_HH3","I_2_HH3","(Person 2) What is the relationship of {0} to the head of the household?"
"I_2_HH4","I_2_HH4","(Person 2) What is {0} gender?"
"I_2_HH5","I_2_HH5","(Person 2) How old is {0} ?"
"I_3_HH3","I_3_HH3","(Person 3) What is the relationship of {0} to the head of the household?"
"I_3_HH4","I_3_HH4","(Person 3) What is {0} gender?"
"I_3_HH5","I_3_HH5","(Person 3) How old is {0} ?"
"I_4_HH3","I_4_HH3","(Person 4) What is the relationship of {0} to the head of the household?"
"I_4_HH4","I_4_HH4","(Person 4) What is {0} gender?"
"I_4_HH5","I_4_HH5","(Person 4) How old is {0} ?"
"I_5_HH3","I_5_HH3","(Person 5) What is the relationship of {0} to the head of the household?"
"I_5_HH4","I_5_HH4","(Person 5) What is {0} gender?"
"I_5_HH5","I_5_HH5","(Person 5) How old is {0} ?"
"I_6_HH3","I_6_HH3","(Person 6) What is the relationship of {0} to the head of the household?"
"I_6_HH4","I_6_HH4","(Person 6) What is {0} gender?"
"I_6_HH5","I_6_HH5","(Person 6) How old is {0} ?"
"I_7_HH3","I_7_HH3","(Person 7) What is the relationship of {0} to the head of the household?"
"I_7_HH4","I_7_HH4","(Person 7) What is {0} gender?"
"I_7_HH5","I_7_HH5","(Person 7) How old is {0} ?"
"I_8_HH3","I_8_HH3","(Person 8) What is the relationship of {0} to the head of the household?"
"I_8_HH4","I_8_HH4","(Person 8) What is {0} gender?"
"I_8_HH5","I_8_HH5","(Person 8) How old is {0} ?"
"I_9_HH3","I_9_HH3","(Person 9) What is the relationship of {0} to the head of the household?"
"I_9_HH4","I_9_HH4","(Person 9) What is {0} gender?"
"I_9_HH5","I_9_HH5","(Person 9) How old is {0} ?"
"I_10_HH3","I_10_HH3","(Person 10) What is the relationship of {0} to the head of the household?"
"I_10_HH4","I_10_HH4","(Person 10) What is {0} gender?"
"I_10_HH5","I_10_HH5","(Person 10) How old is {0} ?"
"HH6","HH6","Selected respondent"
"RespGender_Sl","RespGender_Sl","Gender"
"RespAge_Sl","RespAge_Sl","Age"
"HH7_1","HH7_1","Girls"
"HH7_2","HH7_2","Boys"
"HH7_Total","HH7_Total","Total"
"Intro_1","Intro_1","Instruction:  If the selected respondent is 15-17 years of age then parental permission is required. Meet parent/guardian of the selected child and give the study introduction. Ask the following question Do you give permission to allow your child to partic"
"A2","A2","A2. What is your gender? "
"A3_Month","A3_Month","A3. In what month and year were you born?  Month"
"A3_Year","A3_Year","Year"
"A4","A4","A4. How old were you on your last birthday?"
"A5","A5","A5. What is your current marital status?"
"A6","A6","A6. Who was the primary person to decide whom you married (or at the first marriage if more than one spouse)?"
"A6_Other","A6_Other","A6. Who was the primary person to decide whom you married (or at the first marriage if more than one spouse)? [Other (specify)]"
"A7","A7","A7. Who was the primary person to decide at what age you married (or at the first marriage if more than one spouse)?"
"A7_Other","A7_Other","A7. Who was the primary person to decide at what age you married (or at the first marriage if more than one spouse)? [Other (specify)]"
"A8","A8","A8. How old were you when you first started living with your spouse? (or first spouse, if more than one marriage) "
"A9","A9","A9. Do you have any children?"
"A10","A10","A10. How many living girl children do you have?"
"A11","A11","A11. How many living boy children do you have?"
"A12","A12","A12. How old is your oldest living child?"
"A13","A13","A13. How old is your youngest living child?"
"A14","A14","A14. Have you ever attended school?"
"A15","A15","A15. How many years of school did you attend?"
"A16","A16","A16. What is your religion?"
"A16_Other","A16_Other","A16. What is your religion? [Other (specify)]"
"A17","A17","A17. Do you belong to a general caste, a scheduled caste, a scheduled tribe, other backward class or none of these?"
"Demographics_End_time","Demographics_End_time","Time of Interview"
"Entrepreneurship_Srt_time","Entrepreneurship_Srt_time","Entrepreneurship_Start_Time"
"B1","B1","B1. Are you running, or helping to run, a business? "
"B2","B2","B2. What is the type of your current business?"
"B20","B20","B2. What is the type of your current business?"
"B21","B21","B2. What is the type of your current business?"
"B22","B22","B2. What is the type of your current business?"
"B23","B23","B2. What is the type of your current business?"
"B24","B24","B2. What is the type of your current business?"
"B25","B25","B2. What is the type of your current business?"
"B26","B26","B2. What is the type of your current business?"
"B27","B27","B2. What is the type of your current business?"
"B28","B28","B2. What is the type of your current business?"
"B29","B29","B2. What is the type of your current business?"
"B2A","B2A","B2. What is the type of your current business?"
"B2B","B2B","B2. What is the type of your current business?"
"B2C","B2C","B2. What is the type of your current business?"
"B2D","B2D","B2. What is the type of your current business?"
"B2E","B2E","B2. What is the type of your current business?"
"B2F","B2F","B2. What is the type of your current business?"
"B2_Code1","B2_Code1","B2. What is the type of your current business? Coded"
"B2_Code2","B2_Code2","B2. What is the type of your current business? Coded"
"B3","B3","B3. Are you the sole owner of this business or do you co-own this business with anyone? "
"B3_Other","B3_Other","B3. Are you the sole owner of this business or do you co-own this business with anyone?  [Other (specify)]"
"B4","B4","B4. Who has the main financial control of this business, including the ability to sign loans, leases and contracts of this Business?"
"B4X","B4X","B4X. Who has the main financial control of this business, including the ability to sign loans, leases and contracts of this Business?"
"B5","B5","B5. How many women in your community do you think run a business on their own?   Would you say - most, some, few, none?"
"B6","B6","B6. How many women in your community do you think run a business that does not involve their husband?"
"B7","B7","B7. If a woman leads an Enterprise/Business/Venture, how likely is it that she may be criticized by her family or community? Not likely, somewhat likely, or very likely?"
"B8","B8","B8. Do you know of any institution or organization in your local area that formally or informally provides loans to women?"
"B9","B9","B9. Have you ever wanted to get a financial loan to start or expand your business?"
"B10","B10","B10.  Have you ever approached any formal or informal source to borrow money to start or expand a business?"
"B11","B11","B11. Were you successful in acquiring a loan from this source? If you have received more than one loan, please respond for your most recent loan"
"B12","B12","B12. From whom did you get this loan? If you have received more than one loan, please respond for your most recent loan."
"B12_Other","B12_Other","B12. From whom did you get this loan? If you have received more than one loan, please respond for your most recent loan. [Other (specify)]"
"B12X","B12X","B12X. From whom did you get this loan? If you have received more than one loan, please respond for your most recent loan."
"B12X_Other","B12X_Other","B12X. From whom did you get this loan? If you have received more than one loan, please respond for your most recent loan. [Other (specify)]"
"B12M","B12M","B12M. From whom did you get this loan? If you have received more than one loan, please respond for your most recent loan."
"B12M_Other","B12M_Other","B12M. From whom did you get this loan? If you have received more than one loan, please respond for your most recent loan. [Other (specify)]"
"B12XM","B12XM","B12XM. From whom did you get this loan? If you have received more than one loan, please respond for your most recent loan."
"B13_1","B13_1","B13. Why did you choose to approach an informal source rather than a formal source? Please select all that apply. (Do not have a bank account)"
"B13_2","B13_2","B13. Why did you choose to approach an informal source rather than a formal source? Please select all that apply. (Not eligible for a loan at the bank)"
"B13_3","B13_3","B13. Why did you choose to approach an informal source rather than a formal source? Please select all that apply. (Too difficult to apply for a loan at the bank)"
"B13_4","B13_4","B13. Why did you choose to approach an informal source rather than a formal source? Please select all that apply. (My spouse / family did not want me to apply for a loan)"
"B13_5","B13_5","B13. Why did you choose to approach an informal source rather than a formal source? Please select all that apply. (Higher interest rates at bank)"
"B13_6","B13_6","B13. Why did you choose to approach an informal source rather than a formal source? Please select all that apply. (Bank is far away)"
"B13_7","B13_7","B13. Why did you choose to approach an informal source rather than a formal source? Please select all that apply. (Did not have any collateral)"
"B13_8","B13_8","B13. Why did you choose to approach an informal source rather than a formal source? Please select all that apply. (Found it easier to ask for money from the informal source)"
"B13_9","B13_9","B13. Why did you choose to approach an informal source rather than a formal source? Please select all that apply. (Had more trust on them )"
"B13_10","B13_10","B13. Why did you choose to approach an informal source rather than a formal source? Please select all that apply. (Taken loan earlier from an informal source)"
"B13_11","B13_11","B13. Why did you choose to approach an informal source rather than a formal source? Please select all that apply. (Other, specify)"
"B13_11_Other","B13_11_Other","B13. Why did you choose to approach an informal source rather than a formal source? Please select all that apply. (Other, specify) [Other (specify)]"
"B14a","B14a","B14. Now I will ask you how much you agree or disagree with each of the following statements:  a. If I ever needed it, I could easily borrow money from a formal source (e.g. a bank) on my own. Strongly disagree, disagree, agree, or strongly agree?"
"B14b","B14b","b. If I ever needed it, I could easily borrow money from an informal source on my own "
"B14c","B14c","c. If I wanted to, my spouse/partner will not have any problem with me borrowing money from a formal source"
"B14d","B14d","d. If I wanted to, my spouse/partner will not have any problem with me borrowing money from an informal source"
"Entrepreneurship_End_time","Entrepreneurship_End_time","Entrepreneurship_End_Time"
"Employment_Empowerment_Srt_time","Employment_Empowerment_Srt_time","Employment_Empowerment_Start_Time"
"C1","C1","C1. Have you ever worked for pay/money?"
"C2","C2","C2. Have you worked for pay/money at any point in the past 12 months?"
"C3","C3","C3. Do you currently work for pay/money?"
"C4","C4","C4. Is your current work based out of your own home or outside your home?"
"C5","C5","C5. What is your occupation? That is, what kind of work do you mainly do?"
"C5_Other","C5_Other","C5. What is your occupation? That is, what kind of work do you mainly do? [Other (specify)]"
"C6","C6","C6. In a typical working day, how many hours do you work?"
"C7","C7","C7. On average, how many days do you work per week?"
"C8","C8","C8. Do you enjoy your work? Never, some of the time, most of the time, always?"
"C9","C9","C9. Are you satisfied with the number of hours you spend working each week, on average?"
"C10","C10","C10. A flexible work schedule allows you to shift your work hours around to accomplish other tasks such as childcare, household, or other family responsibilities? How flexible is your work schedule: Not flexible at all, somewhat flexible, very flexible? "
"C11","C11","C11. Do you wish you could work more hours, or fewer hours, or you prefer to work the same number of hours as you work now."
"C12","C12","C12. Do you work because you feel like you have to, or because you want to work?"
"C13","C13","C13. Who in your family usually has the final say on whether or not you should work to earn money?"
"C13_Other","C13_Other","C13. Who in your family usually has the final say on whether or not you should work to earn money? [Other (specify)]"
"C13X","C13X","C13X. Who in your family usually has the final say on whether or not you should work to earn money? "
"C13X_Other","C13X_Other","C13X. Who in your family usually has the final say on whether or not you should work to earn money?  [Other (specify)]"
"C14","C14","C14. Do you consider your current occupation to be your desired occupation or just a job for the present? "
"C14_Other","C14_Other","C14. Do you consider your current occupation to be your desired occupation or just a job for the present?  [Other (specify)]"
"C15","C15","C15. What is your desired occupation? That is, what kind of work you want to do?"
"C15_Other","C15_Other","C15. What is your desired occupation? That is, what kind of work you want to do? [Other (specify)]"
"C16_1","C16_1","C16. What barriers do you feel are blocking you from working in your desired profession? (Not enough education)"
"C16_2","C16_2","C16. What barriers do you feel are blocking you from working in your desired profession? (Not easy for me to get jobs in desired profession because of my gender)"
"C16_3","C16_3","C16. What barriers do you feel are blocking you from working in your desired profession? (Don't know how to break into desired profession)"
"C16_4","C16_4","C16. What barriers do you feel are blocking you from working in your desired profession? (Not available in the area where I live)"
"C16_5","C16_5","C16. What barriers do you feel are blocking you from working in your desired profession? (Not sure)"
"C16_6","C16_6","C16. What barriers do you feel are blocking you from working in your desired profession? (Other (specify))"
"C16_6_Other","C16_6_Other","C16. What barriers do you feel are blocking you from working in your desired profession? (Other (specify)) [Other (specify)]"
"C17","C17","C17. Do you have a leadership position at your current workplace? By leadership, we mean someone who has a supervisory or management role, vision-setting authority, and/or financial decision-making authority."
"C18","C18","C18. Do you feel you could advance your position in your current workplace if you wanted to?"
"C19","C19","C19. Are you satisfied with the wages you receive for your work at your current workplace?"
"C20","C20","C20. In your current work, did you ever negotiate to raise your current salary, or did you accept the salary that your were offered?"
"C21","C21","C21. Of your total household expenses, what proportion is met through your own earnings?"
"C22","C22","C22. To what extent do you feel you can make your own personal decisions regarding the use of income generated from your own (singular) wage or salary employment if you want(ed) to?"
"C23a","C23a","C23. If a woman in your community tries to negotiate a promotion or higher wages, how likely is it that any of the following consequences would occur?  Not likely, somewhat likely, or very likely? There is no right or wrong answer  a. She may be criticized"
"C23b","C23b","b. She may be criticized by her family members"
"C23c","C23c","c. She may have arguments with her husband"
"C23d","C23d","d. She may have conflicts with her in-laws"
"C23e","C23e","e. She may be considered greedy or immoral"
"C23f","C23f","f. She may be sabotaged or mistreated by other people at her work."
"C23g","C23g","g. She may be demoted or have her wages reduced"
"C23h","C23h","h. She would be more respected in her community"
"C23i","C23i","i. Her husband would be proud of her"
"C23j","C23j","j. Her parents/family would be proud of her "
"C23l","C23l","l. Her husband would be considered unsuccessful"
"C24","C24","C24. Unwanted sexual attention at the workplace can include staring/leering, repeated requests for romantic or sexual interactions despite refusal, touching in a way that makes the woman feel uncomfortable. Have you ever experienced unwanted sexual attenti"
"C25","C25","C25. Have you ever experienced unwanted sexual attention in the workplace in the past 12 months? "
"C26","C26","C26. How often do you think women receive unwanted sexual attention at your current workplace?"
"C27","C27","C27. Is there a formal mechanism of reporting unwanted sexual attention at your current workplace?"
"C28","C28","C28. Do you think women feel safe using this reporting mechanism?"
"C29","C29","C29. Have you ever been a victim of gender discrimination in your current workplace? By gender discrimination we mean that you were treated differently or unfairly because of your gender (being female or male), such as not being paid fairly or not being al"
"C30a","C30a","C30a. Receiving the salary you wanted"
"C30b","C30b","C30b. Getting a raise"
"C30c","C30c","C30c. Receiving a promotion"
"C30d","C30d","C30d. Being assigned the kind of work that best matches your skillset"
"C31","C31","C31. Do you feel anything is being done to improve gender equality in your workplace?"
"C32","C32","C32. How many women in your community do you think work outside of their home for money? None, few, some, most?"
"C33a","C33a","C33a. She may be criticized"
"C33b","C33b","C33b. She may have arguments with her husband"
"C33c","C33c","C33. If a woman works outside of the home for money, how likely is it that the following consequences might occur? Not likely, somewhat likely, very likely?  There is no right or wrong answer:  C33c. She may have conflicts with her in-laws"
"C33d","C33d","C33d. She may be considered immoral"
"C33e","C33e","C33e. She may be sabotaged or mistreated by other people at her work"
"C33f","C33f","C33f. Her husband may be looked down upon because she is working"
"C33g","C33g","C33. If a woman works outside of the home for money, how likely is it that the following consequences might occur? Not likely, somewhat likely, very likely?  There is no right or wrong answer:  C33g. She would be more respected in her community"
"C33h","C33h","C33h. Her husband would be proud of her"
"C33i","C33i","C33i. Her parents/family would be proud of her"
"C33j","C33j","C33j. Her children would benefit from her position"
"C33k","C33k","C33k. Her family’s financial situation would improve"
"C33l","C33l","C33l. Her husband would be considered successful"
"Employment_Empowerment_End_time","Employment_Empowerment_End_time","Employment_Empowerment_End_Time"
"SectionD_Srt_time","SectionD_Srt_time","SectionD_Start_time"
"D1","D1","D1. Do you have any money of your own that you alone can decide how to use?"
"D2a","D2a","D2a. Vegetables or fruits?"
"D2b","D2b","D2b. Clothes for yourself?"
"D2c","D2c","D2c. Clothes for your children?"
"D2d","D2d","D2d. Medicine for yourself?"
"D2e","D2e","D2e. Medicine for your children?"
"D2f","D2f","D2f. Toiletries for yourself like (Soap, Toothpaste, Hair oil, etc.)?"
"D3a","D3a","D3a. Vegetables or fruits?"
"D3b","D3b","D3b. Clothes for yourself? "
"D3c","D3c","D3c. Clothes for your children?"
"D3d","D3d","D3d. Medicine for yourself?"
"D3e","D3e","D3e. Medicine for your children?"
"D3f","D3f","D3f. Toiletries for yourself like (Soap, Toothpaste, Hair oil, etc.)?"
"D4","D4","D4. In the past 12 months, have you, personally, saved or set aside any money?"
"D5_1","D5_1","D5. Where did you place these savings in the past 12 months? (Please select all that apply) Multiple Responses Possible (In an account at a bank or another type of formal financial institution)"
"D5_2","D5_2","D5. Where did you place these savings in the past 12 months? (Please select all that apply) Multiple Responses Possible (In an informal savings group/club such as Self-help Groups SHG-s)"
"D5_3","D5_3","D5. Where did you place these savings in the past 12 months? (Please select all that apply) Multiple Responses Possible (In a co-operative or a non-governmental institution or another type of savings program. )"
"D5_4","D5_4","D5. Where did you place these savings in the past 12 months? (Please select all that apply) Multiple Responses Possible (In a safe location in your home or other location outside of a savings group or institution)"
"D5_5","D5_5","D5. Where did you place these savings in the past 12 months? (Please select all that apply) Multiple Responses Possible (Other-Specify)"
"D5_5_Other","D5_5_Other","D5. Where did you place these savings in the past 12 months? (Please select all that apply) Multiple Responses Possible (Other-Specify) [Other (specify)]"
"D6","D6","D6. Do you, either by yourself or together with someone else, currently have an account at a bank or another type of formal financial institution?"
"D7","D7","D7. Who is the owner of the account?"
"D6X","D6X","D6X. Do you, either by yourself or together with someone else, currently have an account at a bank or another type of formal financial institution?"
"D7X","D7X","D7X. Who is the owner of the account?"
"D8","D8","D8. Are you able to access the money in this account without permission from anyone else?"
"D9a","D9a","D9a. Land?"
"D9b","D9b","D9b. The house/dwelling you live in?"
"D9c","D9c","D9c. Any other house, apartment, or dwelling?"
"D9d","D9d","D9d. Jewelry or gems?"
"D9e","D9e","D9e. Livestock such as (Sheep, Cow, Hen, etc.)?"
"D10","D10","D10. Please tell me if you alone, or jointly with your spouse or someone else currently own… (Ownership should be based on whose name is on the document for items a-c, if an ownership document exists)"
"D10a","D10a","D10a. Land?"
"D10b","D10b","D10b. The house/dwelling you live in?"
"D10c","D10c","D10c. Any other house, apartment, or dwelling?"
"D10d","D10d","D10d. Jewelry or gems?"
"D10e","D10e","D10e. Livestock such as (Sheep, Cow, Hen, etc.)?"
"D10Xa","D10Xa","D10Xa. Land?"
"D10Xb","D10Xb","D10Xb. The house/dwelling you live in?"
"D10Xc","D10Xc","D10Xc. Any other house, apartment, or dwelling?"
"D10Xd","D10Xd","D10Xd. Jewelry or gems?"
"D10Xe","D10Xe","D10Xe. Livestock such as (Sheep, Cow, Hen, etc.)?"
"D11a","D11a","D11a. Land?"
"D11b","D11b","D11b. The house/dwelling you live in?"
"D11c","D11c","D11c. Any other house, apartment, or dwelling?"
"D11d","D11d","D11d. Jewelry or gems?"
"D11e","D11e","D11e. Livestock such as (Sheep, Cow, Hen, etc.)?"
"D12","D12","D12. In the past 12 months, have you, personally, GIVEN or SENT money to a relative or friend living in a different city or area INSIDE (INDIA)?"
"D13","D13","D13. In the past 12 months, have you, personally, RECEIVED money from a relative or friend living in a different city or area INSIDE (INDIA), including any money you received in person?"
"SectionD_End_time","SectionD_End_time","SectionD_End_time"
"DigitalEngagement_Srt_time","DigitalEngagement_Srt_time","DigitalEngagement_Start_time"
"E1","E1","E1. Do you have access to the Internet?"
"E2_1","E2_1","E2. Where do you have access to the Internet? (select all that apply) (Home, on a computer or tablet/iPad)"
"E2_2","E2_2","E2. Where do you have access to the Internet? (select all that apply) (Home, on a mobile phone)"
"E2_3","E2_3","E2. Where do you have access to the Internet? (select all that apply) (School or work computer)"
"E2_4","E2_4","E2. Where do you have access to the Internet? (select all that apply) (A friend’s home phone or computer)"
"E2_5","E2_5","E2. Where do you have access to the Internet? (select all that apply) (Library computer)"
"E2_6","E2_6","E2. Where do you have access to the Internet? (select all that apply) (Cybercafe computer or other setting open to the public)"
"E3","E3","E3. Do you have a mobile phone in your household that you can use?"
"E4","E4","E4. Does this phone belong to you alone or do you share it with someone else?"
"E4_Other","E4_Other","E4. Does this phone belong to you alone or do you share it with someone else? [Other (specify)]"
"E5a","E5a","E5a. Making and receiving calls"
"E5b","E5b","E5b. Sending and receiving text messages"
"E5c","E5c","E5c. Mobile Money"
"E5d","E5d","E5d. Internet"
"E5e","E5e","E5e. Others (specify)"
"E5e_Other","E5e_Other","E5e. Others (specify) [Other (specify)]"
"E6","E6","E6. Do you need to leave your community or neighborhood to recharge/top-up your phone?"
"E7","E7","E7. Are you usually able to go recharge/top-up your phone alone, do you need accompaniment, or are you not allowed to go?"
"E8","E8","E8. Has anyone taken your mobile phone or internet access away from you as a means of punishment or control in the past 12 months?"
"E9","E9","E9. Who?"
"E9_Other","E9_Other","E9. Who? [Other (specify)]"
"E9X","E9X","E9X. Who?"
"E9X_Other","E9X_Other","E9X. Who? [Other (specify)]"
"E10","E10","E10. In the past 12 months, have any individuals in your household looked through your phone, computer, iPad, or tablet (e.g. social networking accounts, photos, etc.) without your permission?"
"E11","E11","E11. How often has this happened in the past 12 months: rarely, occasionally or frequently?"
"E12","E12","E12. In the past 12 months, have you experienced digital abuse from people outside your household? By digital abuse, we mean harassment, bullying, stalking, humiliating or intimidating someone online or via cell phone. It can also include someone impersona"
"E13","E13","E13. In the past 12 months, has this digital abuse included cyber sexual harassment? By cyber sexual harassment, we mean electronically sending you or showing you sexual content without your permission, such as over e-mail, snapchat or Facebook or on their"
"E14","E14","E14. Which of the following best describes how you feel about digital abuse?"
"DigitalEngagement_End_time","DigitalEngagement_End_time","DigitalEngagement_End_time"
"SectionF_Srt_Time","SectionF_Srt_Time","SectionF_Start_Time"
"F1a","F1a","F1a. Religious based group/organization."
"F1b","F1b","F1b. Social group. This can include sport or recreational club/organization. This can also include art, music or cultural organization."
"F1c","F1c","F1c. Labor Union"
"F1d","F1d","F1d. Political party"
"F1e","F1e","F1e. Environmental organization including Water User’s Group and Forest User’s Group and Climate Action Groups"
"F1f","F1f","F1f. Agricultural/livestock/fisheries producer’s group (including marketing groups)"
"F1g","F1g","F1g. Other Professional or Trade association"
"F1h","F1h","F1h. Humanitarian or charitable organization"
"F1i","F1i","F1i. Self-help or mutual aid group, this can include women’s groups and credit or microfinance groups"
"F1j","F1j","F1j. Other organization"
"F2","F2","F2. How sure are you that you could express your opinion at a community meeting?"
"F3","F3","F3. How sure are you that you could express your opinion at a community meeting if some people did not agree with that opinion?"
"F4","F4","F4. Do you have the freedom to express your opinion in a community meeting in the presence of your husband?"
"F5","F5","F5. Do you have the freedom to express your opinion in a community meeting in the absence of your husband?"
"F6","F6","F6. To what extent do you think that people like you can change things in their community if they wanted to go through these groups?"
"F7","F7","F7. In my community, most people believe that men make better political leaders than women do"
"F8","F8","F8. In my community, most people believe that a university education is more important for a boy than for a girl"
"F9","F9","F9. In my community, most people believe that men make better business executives than women do"
"F10","F10","F10. In my community, most men would not want to work for a woman"
"F11","F11","F11. There are women in my community who are interested in running for elected office and political leadership opportunity."
"F12a","F12a","F12a. Respected"
"F12b","F12b","F12b. Treated as role models"
"F12c","F12c","F12c. Protected"
"F12d","F12d","F12d. Valued"
"F12e","F12e","F12e. Feared"
"F12f","F12f","F12f. Disrespected"
"F12g","F12g","F12g. More likely to be harassed"
"F12h","F12h","In my community, women political leaders are generally: (select all that apply)  F12h. More likely to be threatened with abuse"
"F12i","F12i","F12i. More likely to be physically abused"
"F12j","F12j","F12j. More likely to be sexually abused"
"F12k","F12k","F12k. Viewed as poor caretakers for their families"
"F12l","F12l","F12l. Not good mothers"
"F12m","F12m","F12m. Not good wives"
"F12n","F12n","F12n. Isolated"
"F13","F13","F13. I am interested in running for elected office and political leadership opportunity"
"SectionF_End_Time","SectionF_End_Time","SectionF_End_Time"
"SectionG_Srt_time","SectionG_Srt_time","SectionG_Start_Time"
"G1","G1","G1. How often do women in your community not go to a public space when they wanted to (for example to the market or to work or school) because they were worried about being spoken to or being touched/grabbed/pinched in a sexual way you did not want?"
"G2","G2","G2. How often in the past year did you not go to public place when you wanted to (for example to the market or to work or school) because you were worried about being spoken to or being touched/grabbed/pinched in a sexual way you did not want?"
"G3","G3","G3. How often in the past year were you spoken to/touched/grabbed/pinched in a sexual way when you were in a public space (for example to the market or to work or school)? READ if needed"
"G4","G4","G4. Do you feel safe walking around your neighborhood alone after dark?"
"G5a","G5a","G5a. The market in order to buy goods"
"G5b","G5b","G5b. The market in order to sell goods"
"G5c","G5c","G5c. A neighbor’s home"
"G5d","G5d","G5d. Another village or neighborhood"
"G5e","G5e","G5e. A bank or other formal financial institution"
"G5f","G5f","G5f. A place outside the home where you work for money"
"G5g","G5g","G5g. A place where group meetings are held. This can, include a savings group, credit group, a cooperative, or another community group."
"G5h","G5h","G5h. Work or educational/training opportunities that would require you to spend the night away from home"
"G5i","G5i","G5i. A social-gathering place where people might gather to watch or play sports together"
"G5j","G5j","G5j. An entertainment venue (movie theater, playhouse)"
"G5k","G5k","G5k. A restaurant or coffee shop"
"G5l","G5l","G5l. A health center or doctor, for yourself or your child"
"G6a","G6a","G6a. The market in order to buy goods"
"G6b","G6b","G6b. The market in order to sell goods"
"G6c","G6c","G6c. A neighbor’s home"
"G6d","G6d","G6d. Another village or neighborhood"
"G6e","G6e","G6e. A bank or other formal financial institution"
"G6f","G6f","G6f. A place outside the home where you work for money"
"G6g","G6g","G6g. A place where group meetings are held. This can, include a savings group, credit group, a cooperative, or another community group."
"G6h","G6h","G6h. Work or educational/training opportunities that would require you to spend the night away from home"
"G6i","G6i","G6i. A social-gathering place where people might gather to watch or play sports together"
"G6j","G6j","G6j. An entertainment venue (movie theater, playhouse)"
"G6k","G6k","G6k. A restaurant or coffee shop"
"G6l","G6l","G6l. A health center or doctor, for yourself or your child"
"G7a_1","G7a_1","G7a. The market in order to buy goods (Husband)"
"G7a_2","G7a_2","G7a. The market in order to buy goods (Mother-in-law)"
"G7a_3","G7a_3","G7a. The market in order to buy goods (Father-in-law)"
"G7a_4","G7a_4","G7a. The market in order to buy goods (Other family member)"
"G7a_5","G7a_5","G7a. The market in order to buy goods (Other)"
"G7a_5_Other","G7a_5_Other","G7a. The market in order to buy goods (Other) [Other (specify)]"
"G7b_1","G7b_1","G7b. The market in order to sell goods (Husband)"
"G7b_2","G7b_2","G7b. The market in order to sell goods (Mother-in-law)"
"G7b_3","G7b_3","G7b. The market in order to sell goods (Father-in-law)"
"G7b_4","G7b_4","G7b. The market in order to sell goods (Other family member)"
"G7b_5","G7b_5","G7b. The market in order to sell goods (Other)"
"G7b_5_Other","G7b_5_Other","G7b. The market in order to sell goods (Other) [Other (specify)]"
"G7c_1","G7c_1","From whom do you have to ask permission (select all that apply)   G7c. A neighbor’s home (Husband)"
"G7c_2","G7c_2","From whom do you have to ask permission (select all that apply)   G7c. A neighbor’s home (Mother-in-law)"
"G7c_3","G7c_3","From whom do you have to ask permission (select all that apply)   G7c. A neighbor’s home (Father-in-law)"
"G7c_4","G7c_4","From whom do you have to ask permission (select all that apply)   G7c. A neighbor’s home (Other family member)"
"G7c_5","G7c_5","From whom do you have to ask permission (select all that apply)   G7c. A neighbor’s home (Other)"
"G7c_5_Other","G7c_5_Other","From whom do you have to ask permission (select all that apply)   G7c. A neighbor’s home (Other) [Other (specify)]"
"G7d_1","G7d_1","G7d. Another village or neighborhood (Husband)"
"G7d_2","G7d_2","G7d. Another village or neighborhood (Mother-in-law)"
"G7d_3","G7d_3","G7d. Another village or neighborhood (Father-in-law)"
"G7d_4","G7d_4","G7d. Another village or neighborhood (Other family member)"
"G7d_5","G7d_5","G7d. Another village or neighborhood (Other)"
"G7d_5_Other","G7d_5_Other","G7d. Another village or neighborhood (Other) [Other (specify)]"
"G7e_1","G7e_1","From whom do you have to ask permission (select all that apply)  G7e. A bank or other formal financial institution (Husband)"
"G7e_2","G7e_2","From whom do you have to ask permission (select all that apply)  G7e. A bank or other formal financial institution (Mother-in-law)"
"G7e_3","G7e_3","From whom do you have to ask permission (select all that apply)  G7e. A bank or other formal financial institution (Father-in-law)"
"G7e_4","G7e_4","From whom do you have to ask permission (select all that apply)  G7e. A bank or other formal financial institution (Other family member)"
"G7e_5","G7e_5","From whom do you have to ask permission (select all that apply)  G7e. A bank or other formal financial institution (Other)"
"G7e_5_Other","G7e_5_Other","From whom do you have to ask permission (select all that apply)  G7e. A bank or other formal financial institution (Other) [Other (specify)]"
"G7f_1","G7f_1","G7f. A place outside the home where you work for money (Husband)"
"G7f_2","G7f_2","G7f. A place outside the home where you work for money (Mother-in-law)"
"G7f_3","G7f_3","G7f. A place outside the home where you work for money (Father-in-law)"
"G7f_4","G7f_4","G7f. A place outside the home where you work for money (Other family member)"
"G7f_5","G7f_5","G7f. A place outside the home where you work for money (Other)"
"G7f_5_Other","G7f_5_Other","G7f. A place outside the home where you work for money (Other) [Other (specify)]"
"G7g_1","G7g_1","From whom do you have to ask permission (select all that apply)  G7g. A place where group meetings are held. This can, include a savings group, credit group, a cooperative, or another community group. (Husband)"
"G7g_2","G7g_2","From whom do you have to ask permission (select all that apply)  G7g. A place where group meetings are held. This can, include a savings group, credit group, a cooperative, or another community group. (Mother-in-law)"
"G7g_3","G7g_3","From whom do you have to ask permission (select all that apply)  G7g. A place where group meetings are held. This can, include a savings group, credit group, a cooperative, or another community group. (Father-in-law)"
"G7g_4","G7g_4","From whom do you have to ask permission (select all that apply)  G7g. A place where group meetings are held. This can, include a savings group, credit group, a cooperative, or another community group. (Other family member)"
"G7g_5","G7g_5","From whom do you have to ask permission (select all that apply)  G7g. A place where group meetings are held. This can, include a savings group, credit group, a cooperative, or another community group. (Other)"
"G7g_5_Other","G7g_5_Other","From whom do you have to ask permission (select all that apply)  G7g. A place where group meetings are held. This can, include a savings group, credit group, a cooperative, or another community group. (Other) [Other (specify)]"
"G7h_1","G7h_1","G7h. Work or educational/training opportunities that would require you to spend the night away from home (Husband)"
"G7h_2","G7h_2","G7h. Work or educational/training opportunities that would require you to spend the night away from home (Mother-in-law)"
"G7h_3","G7h_3","G7h. Work or educational/training opportunities that would require you to spend the night away from home (Father-in-law)"
"G7h_4","G7h_4","G7h. Work or educational/training opportunities that would require you to spend the night away from home (Other family member)"
"G7h_5","G7h_5","G7h. Work or educational/training opportunities that would require you to spend the night away from home (Other)"
"G7h_5_Other","G7h_5_Other","G7h. Work or educational/training opportunities that would require you to spend the night away from home (Other) [Other (specify)]"
"G7i_1","G7i_1","From whom do you have to ask permission (select all that apply)  G7i. A social-gathering place where people might gather to watch or play sports together (Husband)"
"G7i_2","G7i_2","From whom do you have to ask permission (select all that apply)  G7i. A social-gathering place where people might gather to watch or play sports together (Mother-in-law)"
"G7i_3","G7i_3","From whom do you have to ask permission (select all that apply)  G7i. A social-gathering place where people might gather to watch or play sports together (Father-in-law)"
"G7i_4","G7i_4","From whom do you have to ask permission (select all that apply)  G7i. A social-gathering place where people might gather to watch or play sports together (Other family member)"
"G7i_5","G7i_5","From whom do you have to ask permission (select all that apply)  G7i. A social-gathering place where people might gather to watch or play sports together (Other)"
"G7i_5_Other","G7i_5_Other","From whom do you have to ask permission (select all that apply)  G7i. A social-gathering place where people might gather to watch or play sports together (Other) [Other (specify)]"
"G7j_1","G7j_1","G7j. An entertainment venue (movie theater, playhouse) (Husband)"
"G7j_2","G7j_2","G7j. An entertainment venue (movie theater, playhouse) (Mother-in-law)"
"G7j_3","G7j_3","G7j. An entertainment venue (movie theater, playhouse) (Father-in-law)"
"G7j_4","G7j_4","G7j. An entertainment venue (movie theater, playhouse) (Other family member)"
"G7j_5","G7j_5","G7j. An entertainment venue (movie theater, playhouse) (Other)"
"G7j_5_Other","G7j_5_Other","G7j. An entertainment venue (movie theater, playhouse) (Other) [Other (specify)]"
"G7k_1","G7k_1","From whom do you have to ask permission (select all that apply)  G7k. A restaurant or coffee shop (Husband)"
"G7k_2","G7k_2","From whom do you have to ask permission (select all that apply)  G7k. A restaurant or coffee shop (Mother-in-law)"
"G7k_3","G7k_3","From whom do you have to ask permission (select all that apply)  G7k. A restaurant or coffee shop (Father-in-law)"
"G7k_4","G7k_4","From whom do you have to ask permission (select all that apply)  G7k. A restaurant or coffee shop (Other family member)"
"G7k_5","G7k_5","From whom do you have to ask permission (select all that apply)  G7k. A restaurant or coffee shop (Other)"
"G7k_5_Other","G7k_5_Other","From whom do you have to ask permission (select all that apply)  G7k. A restaurant or coffee shop (Other) [Other (specify)]"
"G7l_1","G7l_1","G7l. A health center or doctor, for yourself or your child (Husband)"
"G7l_2","G7l_2","G7l. A health center or doctor, for yourself or your child (Mother-in-law)"
"G7l_3","G7l_3","G7l. A health center or doctor, for yourself or your child (Father-in-law)"
"G7l_4","G7l_4","G7l. A health center or doctor, for yourself or your child (Other family member)"
"G7l_5","G7l_5","G7l. A health center or doctor, for yourself or your child (Other)"
"G7l_5_Other","G7l_5_Other","G7l. A health center or doctor, for yourself or your child (Other) [Other (specify)]"
"G7Xa_1","G7Xa_1","G7Xa. The market in order to buy goods (Mother)"
"G7Xa_2","G7Xa_2","G7Xa. The market in order to buy goods (Father)"
"G7Xa_3","G7Xa_3","G7Xa. The market in order to buy goods (Brother)"
"G7Xa_4","G7Xa_4","G7Xa. The market in order to buy goods (Sister)"
"G7Xa_5","G7Xa_5","G7Xa. The market in order to buy goods (Other family member)"
"G7Xa_6","G7Xa_6","G7Xa. The market in order to buy goods (Other-specify)"
"G7Xa_6_Other","G7Xa_6_Other","G7Xa. The market in order to buy goods (Other-specify) [Other (specify)]"
"G7Xb_1","G7Xb_1","G7Xb. The market in order to sell goods (Mother)"
"G7Xb_2","G7Xb_2","G7Xb. The market in order to sell goods (Father)"
"G7Xb_3","G7Xb_3","G7Xb. The market in order to sell goods (Brother)"
"G7Xb_4","G7Xb_4","G7Xb. The market in order to sell goods (Sister)"
"G7Xb_5","G7Xb_5","G7Xb. The market in order to sell goods (Other family member)"
"G7Xb_6","G7Xb_6","G7Xb. The market in order to sell goods (Other-specify)"
"G7Xb_6_Other","G7Xb_6_Other","G7Xb. The market in order to sell goods (Other-specify) [Other (specify)]"
"G7Xc_1","G7Xc_1"," From whom do you have to ask permission (select all that apply)  G7Xc. A neighbor’s home (Mother)"
"G7Xc_2","G7Xc_2"," From whom do you have to ask permission (select all that apply)  G7Xc. A neighbor’s home (Father)"
"G7Xc_3","G7Xc_3"," From whom do you have to ask permission (select all that apply)  G7Xc. A neighbor’s home (Brother)"
"G7Xc_4","G7Xc_4"," From whom do you have to ask permission (select all that apply)  G7Xc. A neighbor’s home (Sister)"
"G7Xc_5","G7Xc_5"," From whom do you have to ask permission (select all that apply)  G7Xc. A neighbor’s home (Other family member)"
"G7Xc_6","G7Xc_6"," From whom do you have to ask permission (select all that apply)  G7Xc. A neighbor’s home (Other-specify)"
"G7Xc_6_Other","G7Xc_6_Other"," From whom do you have to ask permission (select all that apply)  G7Xc. A neighbor’s home (Other-specify) [Other (specify)]"
"G7Xd_1","G7Xd_1","G7Xd. Another village or neighborhood (Mother)"
"G7Xd_2","G7Xd_2","G7Xd. Another village or neighborhood (Father)"
"G7Xd_3","G7Xd_3","G7Xd. Another village or neighborhood (Brother)"
"G7Xd_4","G7Xd_4","G7Xd. Another village or neighborhood (Sister)"
"G7Xd_5","G7Xd_5","G7Xd. Another village or neighborhood (Other family member)"
"G7Xd_6","G7Xd_6","G7Xd. Another village or neighborhood (Other-specify)"
"G7Xd_6_Other","G7Xd_6_Other","G7Xd. Another village or neighborhood (Other-specify) [Other (specify)]"
"G7Xe_1","G7Xe_1"," From whom do you have to ask permission (select all that apply)  G7Xe. A bank or other formal financial institution (Mother)"
"G7Xe_2","G7Xe_2"," From whom do you have to ask permission (select all that apply)  G7Xe. A bank or other formal financial institution (Father)"
"G7Xe_3","G7Xe_3"," From whom do you have to ask permission (select all that apply)  G7Xe. A bank or other formal financial institution (Brother)"
"G7Xe_4","G7Xe_4"," From whom do you have to ask permission (select all that apply)  G7Xe. A bank or other formal financial institution (Sister)"
"G7Xe_5","G7Xe_5"," From whom do you have to ask permission (select all that apply)  G7Xe. A bank or other formal financial institution (Other family member)"
"G7Xe_6","G7Xe_6"," From whom do you have to ask permission (select all that apply)  G7Xe. A bank or other formal financial institution (Other-specify)"
"G7Xe_6_Other","G7Xe_6_Other"," From whom do you have to ask permission (select all that apply)  G7Xe. A bank or other formal financial institution (Other-specify) [Other (specify)]"
"G7Xf_1","G7Xf_1","G7Xf. A place outside the home where you work for money (Mother)"
"G7Xf_2","G7Xf_2","G7Xf. A place outside the home where you work for money (Father)"
"G7Xf_3","G7Xf_3","G7Xf. A place outside the home where you work for money (Brother)"
"G7Xf_4","G7Xf_4","G7Xf. A place outside the home where you work for money (Sister)"
"G7Xf_5","G7Xf_5","G7Xf. A place outside the home where you work for money (Other family member)"
"G7Xf_6","G7Xf_6","G7Xf. A place outside the home where you work for money (Other-specify)"
"G7Xf_6_Other","G7Xf_6_Other","G7Xf. A place outside the home where you work for money (Other-specify) [Other (specify)]"
"G7Xg_1","G7Xg_1"," From whom do you have to ask permission (select all that apply)  G7Xg. A place where group meetings are held. This can, include a savings group, credit group, a cooperative, or another community group (Mother)"
"G7Xg_2","G7Xg_2"," From whom do you have to ask permission (select all that apply)  G7Xg. A place where group meetings are held. This can, include a savings group, credit group, a cooperative, or another community group (Father)"
"G7Xg_3","G7Xg_3"," From whom do you have to ask permission (select all that apply)  G7Xg. A place where group meetings are held. This can, include a savings group, credit group, a cooperative, or another community group (Brother)"
"G7Xg_4","G7Xg_4"," From whom do you have to ask permission (select all that apply)  G7Xg. A place where group meetings are held. This can, include a savings group, credit group, a cooperative, or another community group (Sister)"
"G7Xg_5","G7Xg_5"," From whom do you have to ask permission (select all that apply)  G7Xg. A place where group meetings are held. This can, include a savings group, credit group, a cooperative, or another community group (Other family member)"
"G7Xg_6","G7Xg_6"," From whom do you have to ask permission (select all that apply)  G7Xg. A place where group meetings are held. This can, include a savings group, credit group, a cooperative, or another community group (Other-specify)"
"G7Xg_6_Other","G7Xg_6_Other"," From whom do you have to ask permission (select all that apply)  G7Xg. A place where group meetings are held. This can, include a savings group, credit group, a cooperative, or another community group (Other-specify) [Other (specify)]"
"G7Xh_1","G7Xh_1","G7Xh. Work or educational/training opportunities that would require you to spend the night away from home (Mother)"
"G7Xh_2","G7Xh_2","G7Xh. Work or educational/training opportunities that would require you to spend the night away from home (Father)"
"G7Xh_3","G7Xh_3","G7Xh. Work or educational/training opportunities that would require you to spend the night away from home (Brother)"
"G7Xh_4","G7Xh_4","G7Xh. Work or educational/training opportunities that would require you to spend the night away from home (Sister)"
"G7Xh_5","G7Xh_5","G7Xh. Work or educational/training opportunities that would require you to spend the night away from home (Other family member)"
"G7Xh_6","G7Xh_6","G7Xh. Work or educational/training opportunities that would require you to spend the night away from home (Other-specify)"
"G7Xh_6_Other","G7Xh_6_Other","G7Xh. Work or educational/training opportunities that would require you to spend the night away from home (Other-specify) [Other (specify)]"
"G7Xi_1","G7Xi_1"," From whom do you have to ask permission (select all that apply)  G7Xi. A social-gathering place where people might gather to watch or play sports together (Mother)"
"G7Xi_2","G7Xi_2"," From whom do you have to ask permission (select all that apply)  G7Xi. A social-gathering place where people might gather to watch or play sports together (Father)"
"G7Xi_3","G7Xi_3"," From whom do you have to ask permission (select all that apply)  G7Xi. A social-gathering place where people might gather to watch or play sports together (Brother)"
"G7Xi_4","G7Xi_4"," From whom do you have to ask permission (select all that apply)  G7Xi. A social-gathering place where people might gather to watch or play sports together (Sister)"
"G7Xi_5","G7Xi_5"," From whom do you have to ask permission (select all that apply)  G7Xi. A social-gathering place where people might gather to watch or play sports together (Other family member)"
"G7Xi_6","G7Xi_6"," From whom do you have to ask permission (select all that apply)  G7Xi. A social-gathering place where people might gather to watch or play sports together (Other-specify)"
"G7Xi_6_Other","G7Xi_6_Other"," From whom do you have to ask permission (select all that apply)  G7Xi. A social-gathering place where people might gather to watch or play sports together (Other-specify) [Other (specify)]"
"G7Xj_1","G7Xj_1","G7Xj. An entertainment venue (movie theater, playhouse) (Mother)"
"G7Xj_2","G7Xj_2","G7Xj. An entertainment venue (movie theater, playhouse) (Father)"
"G7Xj_3","G7Xj_3","G7Xj. An entertainment venue (movie theater, playhouse) (Brother)"
"G7Xj_4","G7Xj_4","G7Xj. An entertainment venue (movie theater, playhouse) (Sister)"
"G7Xj_5","G7Xj_5","G7Xj. An entertainment venue (movie theater, playhouse) (Other family member)"
"G7Xj_6","G7Xj_6","G7Xj. An entertainment venue (movie theater, playhouse) (Other-specify)"
"G7Xj_6_Other","G7Xj_6_Other","G7Xj. An entertainment venue (movie theater, playhouse) (Other-specify) [Other (specify)]"
"G7Xk_1","G7Xk_1"," From whom do you have to ask permission (select all that apply)  G7Xk. A restaurant or coffee shop (Mother)"
"G7Xk_2","G7Xk_2"," From whom do you have to ask permission (select all that apply)  G7Xk. A restaurant or coffee shop (Father)"
"G7Xk_3","G7Xk_3"," From whom do you have to ask permission (select all that apply)  G7Xk. A restaurant or coffee shop (Brother)"
"G7Xk_4","G7Xk_4"," From whom do you have to ask permission (select all that apply)  G7Xk. A restaurant or coffee shop (Sister)"
"G7Xk_5","G7Xk_5"," From whom do you have to ask permission (select all that apply)  G7Xk. A restaurant or coffee shop (Other family member)"
"G7Xk_6","G7Xk_6"," From whom do you have to ask permission (select all that apply)  G7Xk. A restaurant or coffee shop (Other-specify)"
"G7Xk_6_Other","G7Xk_6_Other"," From whom do you have to ask permission (select all that apply)  G7Xk. A restaurant or coffee shop (Other-specify) [Other (specify)]"
"G7Xl_1","G7Xl_1","G7Xl. A health center or doctor, for yourself or your child (Mother)"
"G7Xl_2","G7Xl_2","G7Xl. A health center or doctor, for yourself or your child (Father)"
"G7Xl_3","G7Xl_3","G7Xl. A health center or doctor, for yourself or your child (Brother)"
"G7Xl_4","G7Xl_4","G7Xl. A health center or doctor, for yourself or your child (Sister)"
"G7Xl_5","G7Xl_5","G7Xl. A health center or doctor, for yourself or your child (Other family member)"
"G7Xl_6","G7Xl_6","G7Xl. A health center or doctor, for yourself or your child (Other-specify)"
"G7Xl_6_Other","G7Xl_6_Other","G7Xl. A health center or doctor, for yourself or your child (Other-specify) [Other (specify)]"
"G8a","G8a","G8a. The market in order to buy goods"
"G8b","G8b","G8b. The market in order to sell goods"
"G8c","G8c","G8c. A neighbor’s home"
"G8d","G8d","G8d. Another village or neighborhood"
"G8e","G8e","G8e. A bank or other formal financial institution"
"G8f","G8f","G8f. A place outside the home where you work for money"
"G8g","G8g","G8g. A place where group meetings are held. This can, include a savings group, credit group, a cooperative, or another community group."
"G8h","G8h","G8h. Work or educational/training opportunities that would require you to spend the night away from home"
"G8i","G8i","G8i. A social-gathering place where people might gather to watch or play sports together"
"G8j","G8j","G8j. An entertainment venue (movie theater, playhouse)"
"G8k","G8k","G8k. A restaurant or coffee shop"
"G8l","G8l","G8l. A health center or doctor, for yourself or your child"
"G9a","G9a","G9a. The market in order to buy goods"
"G9b","G9b","G9b. The market in order to sell goods"
"G9c","G9c","G9c. A neighbor’s home"
"G9d","G9d","G9d. Another village or neighborhood"
"G9e","G9e","G9e. A bank or other formal financial institution"
"G9f","G9f","G9f. A place outside the home where you work for money"
"G9g","G9g","G9g. A place where group meetings are held. This can, include a savings group, credit group, a cooperative, or another community group."
"G9h","G9h","G9h. Work or educational/training opportunities that would require you to spend the night away from home"
"G9i","G9i","G9i. A social-gathering place where people might gather to watch or play sports together"
"G9j","G9j","G9j. An entertainment venue (movie theater, playhouse)"
"G9k","G9k","G9k. A restaurant or coffee shop"
"G9l","G9l","G9l. A health center or doctor, for yourself or your child"
"G10a_1","G10a_1","G10a. The market in order to buy goods (Husband)"
"G10a_2","G10a_2","G10a. The market in order to buy goods (Mother-in-law)"
"G10a_3","G10a_3","G10a. The market in order to buy goods (Father-in-law)"
"G10a_4","G10a_4","G10a. The market in order to buy goods (Other family member)"
"G10a_5","G10a_5","G10a. The market in order to buy goods (Other)"
"G10a_5_Other","G10a_5_Other","G10a. The market in order to buy goods (Other) [Other (specify)]"
"G10b_1","G10b_1","G10b. The market in order to sell goods (Husband)"
"G10b_2","G10b_2","G10b. The market in order to sell goods (Mother-in-law)"
"G10b_3","G10b_3","G10b. The market in order to sell goods (Father-in-law)"
"G10b_4","G10b_4","G10b. The market in order to sell goods (Other family member)"
"G10b_5","G10b_5","G10b. The market in order to sell goods (Other)"
"G10b_5_Other","G10b_5_Other","G10b. The market in order to sell goods (Other) [Other (specify)]"
"G10c_1","G10c_1","Who prevented you from going to this place? (Select all that apply)    G10c. A neighbor’s home (Husband)"
"G10c_2","G10c_2","Who prevented you from going to this place? (Select all that apply)    G10c. A neighbor’s home (Mother-in-law)"
"G10c_3","G10c_3","Who prevented you from going to this place? (Select all that apply)    G10c. A neighbor’s home (Father-in-law)"
"G10c_4","G10c_4","Who prevented you from going to this place? (Select all that apply)    G10c. A neighbor’s home (Other family member)"
"G10c_5","G10c_5","Who prevented you from going to this place? (Select all that apply)    G10c. A neighbor’s home (Other)"
"G10c_5_Other","G10c_5_Other","Who prevented you from going to this place? (Select all that apply)    G10c. A neighbor’s home (Other) [Other (specify)]"
"G10d_1","G10d_1","G10d. Another village or neighborhood (Husband)"
"G10d_2","G10d_2","G10d. Another village or neighborhood (Mother-in-law)"
"G10d_3","G10d_3","G10d. Another village or neighborhood (Father-in-law)"
"G10d_4","G10d_4","G10d. Another village or neighborhood (Other family member)"
"G10d_5","G10d_5","G10d. Another village or neighborhood (Other)"
"G10d_5_Other","G10d_5_Other","G10d. Another village or neighborhood (Other) [Other (specify)]"
"G10e_1","G10e_1","Who prevented you from going to this place? (Select all that apply)    G10e. A bank or other formal financial institution (Husband)"
"G10e_2","G10e_2","Who prevented you from going to this place? (Select all that apply)    G10e. A bank or other formal financial institution (Mother-in-law)"
"G10e_3","G10e_3","Who prevented you from going to this place? (Select all that apply)    G10e. A bank or other formal financial institution (Father-in-law)"
"G10e_4","G10e_4","Who prevented you from going to this place? (Select all that apply)    G10e. A bank or other formal financial institution (Other family member)"
"G10e_5","G10e_5","Who prevented you from going to this place? (Select all that apply)    G10e. A bank or other formal financial institution (Other)"
"G10e_5_Other","G10e_5_Other","Who prevented you from going to this place? (Select all that apply)    G10e. A bank or other formal financial institution (Other) [Other (specify)]"
"G10f_1","G10f_1","G10f. A place outside the home where you work for money (Husband)"
"G10f_2","G10f_2","G10f. A place outside the home where you work for money (Mother-in-law)"
"G10f_3","G10f_3","G10f. A place outside the home where you work for money (Father-in-law)"
"G10f_4","G10f_4","G10f. A place outside the home where you work for money (Other family member)"
"G10f_5","G10f_5","G10f. A place outside the home where you work for money (Other)"
"G10f_5_Other","G10f_5_Other","G10f. A place outside the home where you work for money (Other) [Other (specify)]"
"G10g_1","G10g_1","Who prevented you from going to this place? (Select all that apply)    G10g. A place where group meetings are held. This can, include a savings group, credit group, a cooperative, or another community group (Husband)"
"G10g_2","G10g_2","Who prevented you from going to this place? (Select all that apply)    G10g. A place where group meetings are held. This can, include a savings group, credit group, a cooperative, or another community group (Mother-in-law)"
"G10g_3","G10g_3","Who prevented you from going to this place? (Select all that apply)    G10g. A place where group meetings are held. This can, include a savings group, credit group, a cooperative, or another community group (Father-in-law)"
"G10g_4","G10g_4","Who prevented you from going to this place? (Select all that apply)    G10g. A place where group meetings are held. This can, include a savings group, credit group, a cooperative, or another community group (Other family member)"
"G10g_5","G10g_5","Who prevented you from going to this place? (Select all that apply)    G10g. A place where group meetings are held. This can, include a savings group, credit group, a cooperative, or another community group (Other)"
"G10g_5_Other","G10g_5_Other","Who prevented you from going to this place? (Select all that apply)    G10g. A place where group meetings are held. This can, include a savings group, credit group, a cooperative, or another community group (Other) [Other (specify)]"
"G10h_1","G10h_1","G10h. Work or educational/training opportunities that would require you to spend the night away from home (Husband)"
"G10h_2","G10h_2","G10h. Work or educational/training opportunities that would require you to spend the night away from home (Mother-in-law)"
"G10h_3","G10h_3","G10h. Work or educational/training opportunities that would require you to spend the night away from home (Father-in-law)"
"G10h_4","G10h_4","G10h. Work or educational/training opportunities that would require you to spend the night away from home (Other family member)"
"G10h_5","G10h_5","G10h. Work or educational/training opportunities that would require you to spend the night away from home (Other)"
"G10h_5_Other","G10h_5_Other","G10h. Work or educational/training opportunities that would require you to spend the night away from home (Other) [Other (specify)]"
"G10i_1","G10i_1","Who prevented you from going to this place? (Select all that apply)   G10i. A social-gathering place where people might gather to watch or play sports together (Husband)"
"G10i_2","G10i_2","Who prevented you from going to this place? (Select all that apply)   G10i. A social-gathering place where people might gather to watch or play sports together (Mother-in-law)"
"G10i_3","G10i_3","Who prevented you from going to this place? (Select all that apply)   G10i. A social-gathering place where people might gather to watch or play sports together (Father-in-law)"
"G10i_4","G10i_4","Who prevented you from going to this place? (Select all that apply)   G10i. A social-gathering place where people might gather to watch or play sports together (Other family member)"
"G10i_5","G10i_5","Who prevented you from going to this place? (Select all that apply)   G10i. A social-gathering place where people might gather to watch or play sports together (Other)"
"G10i_5_Other","G10i_5_Other","Who prevented you from going to this place? (Select all that apply)   G10i. A social-gathering place where people might gather to watch or play sports together (Other) [Other (specify)]"
"G10j_1","G10j_1","G10j. An entertainment venue (movie theater, playhouse) (Husband)"
"G10j_2","G10j_2","G10j. An entertainment venue (movie theater, playhouse) (Mother-in-law)"
"G10j_3","G10j_3","G10j. An entertainment venue (movie theater, playhouse) (Father-in-law)"
"G10j_4","G10j_4","G10j. An entertainment venue (movie theater, playhouse) (Other family member)"
"G10j_5","G10j_5","G10j. An entertainment venue (movie theater, playhouse) (Other)"
"G10j_5_other","G10j_5_other","G10j. An entertainment venue (movie theater, playhouse) (Other) [Other (specify)]"
"G10k_1","G10k_1","Who prevented you from going to this place? (Select all that apply)    G10k. A restaurant or coffee shop (Husband)"
"G10k_2","G10k_2","Who prevented you from going to this place? (Select all that apply)    G10k. A restaurant or coffee shop (Mother-in-law)"
"G10k_3","G10k_3","Who prevented you from going to this place? (Select all that apply)    G10k. A restaurant or coffee shop (Father-in-law)"
"G10k_4","G10k_4","Who prevented you from going to this place? (Select all that apply)    G10k. A restaurant or coffee shop (Other family member)"
"G10k_5","G10k_5","Who prevented you from going to this place? (Select all that apply)    G10k. A restaurant or coffee shop (Other)"
"G10k_5_Other","G10k_5_Other","Who prevented you from going to this place? (Select all that apply)    G10k. A restaurant or coffee shop (Other) [Other (specify)]"
"G10l_1","G10l_1","G10l. A health center or doctor, for yourself or your child (Husband)"
"G10l_2","G10l_2","G10l. A health center or doctor, for yourself or your child (Mother-in-law)"
"G10l_3","G10l_3","G10l. A health center or doctor, for yourself or your child (Father-in-law)"
"G10l_4","G10l_4","G10l. A health center or doctor, for yourself or your child (Other family member)"
"G10l_5","G10l_5","G10l. A health center or doctor, for yourself or your child (Other)"
"G10l_5_Other","G10l_5_Other","G10l. A health center or doctor, for yourself or your child (Other) [Other (specify)]"
"G10Xa_1","G10Xa_1","G10Xa. The market in order to buy goods (Mother)"
"G10Xa_2","G10Xa_2","G10Xa. The market in order to buy goods (Father)"
"G10Xa_3","G10Xa_3","G10Xa. The market in order to buy goods (Elder brother)"
"G10Xa_4","G10Xa_4","G10Xa. The market in order to buy goods (Elder Sister)"
"G10Xa_5","G10Xa_5","G10Xa. The market in order to buy goods (Other family member)"
"G10Xa_6","G10Xa_6","G10Xa. The market in order to buy goods (Other-specify)"
"G10Xa_6_Other","G10Xa_6_Other","G10Xa. The market in order to buy goods (Other-specify) [Other (specify)]"
"G10Xb_1","G10Xb_1","G10Xb. The market in order to sell goods (Mother)"
"G10Xb_2","G10Xb_2","G10Xb. The market in order to sell goods (Father)"
"G10Xb_3","G10Xb_3","G10Xb. The market in order to sell goods (Elder brother)"
"G10Xb_4","G10Xb_4","G10Xb. The market in order to sell goods (Elder Sister)"
"G10Xb_5","G10Xb_5","G10Xb. The market in order to sell goods (Other family member)"
"G10Xb_6","G10Xb_6","G10Xb. The market in order to sell goods (Other-specify)"
"G10Xb_6_Other","G10Xb_6_Other","G10Xb. The market in order to sell goods (Other-specify) [Other (specify)]"
"G10Xc_1","G10Xc_1","Who prevented you from going to this place?(Select all that apply)  G10Xc. A neighbor’s home (Mother)"
"G10Xc_2","G10Xc_2","Who prevented you from going to this place?(Select all that apply)  G10Xc. A neighbor’s home (Father)"
"G10Xc_3","G10Xc_3","Who prevented you from going to this place?(Select all that apply)  G10Xc. A neighbor’s home (Elder brother)"
"G10Xc_4","G10Xc_4","Who prevented you from going to this place?(Select all that apply)  G10Xc. A neighbor’s home (Elder Sister)"
"G10Xc_5","G10Xc_5","Who prevented you from going to this place?(Select all that apply)  G10Xc. A neighbor’s home (Other family member)"
"G10Xc_6","G10Xc_6","Who prevented you from going to this place?(Select all that apply)  G10Xc. A neighbor’s home (Other-specify)"
"G10Xc_6_Other","G10Xc_6_Other","Who prevented you from going to this place?(Select all that apply)  G10Xc. A neighbor’s home (Other-specify) [Other (specify)]"
"G10Xd_1","G10Xd_1","G10Xd. Another village or neighborhood (Mother)"
"G10Xd_2","G10Xd_2","G10Xd. Another village or neighborhood (Father)"
"G10Xd_3","G10Xd_3","G10Xd. Another village or neighborhood (Elder brother)"
"G10Xd_4","G10Xd_4","G10Xd. Another village or neighborhood (Elder Sister)"
"G10Xd_5","G10Xd_5","G10Xd. Another village or neighborhood (Other family member)"
"G10Xd_6","G10Xd_6","G10Xd. Another village or neighborhood (Other-specify)"
"G10Xd_6_Other","G10Xd_6_Other","G10Xd. Another village or neighborhood (Other-specify) [Other (specify)]"
"G10Xe_1","G10Xe_1","Who prevented you from going to this place?(Select all that apply)  G10Xe. A bank or other formal financial institution (Mother)"
"G10Xe_2","G10Xe_2","Who prevented you from going to this place?(Select all that apply)  G10Xe. A bank or other formal financial institution (Father)"
"G10Xe_3","G10Xe_3","Who prevented you from going to this place?(Select all that apply)  G10Xe. A bank or other formal financial institution (Elder brother)"
"G10Xe_4","G10Xe_4","Who prevented you from going to this place?(Select all that apply)  G10Xe. A bank or other formal financial institution (Elder Sister)"
"G10Xe_5","G10Xe_5","Who prevented you from going to this place?(Select all that apply)  G10Xe. A bank or other formal financial institution (Other family member)"
"G10Xe_6","G10Xe_6","Who prevented you from going to this place?(Select all that apply)  G10Xe. A bank or other formal financial institution (Other-specify)"
"G10Xe_6_Other","G10Xe_6_Other","Who prevented you from going to this place?(Select all that apply)  G10Xe. A bank or other formal financial institution (Other-specify) [Other (specify)]"
"G10Xf_1","G10Xf_1","G10Xf. A place outside the home where you work for money (Mother)"
"G10Xf_2","G10Xf_2","G10Xf. A place outside the home where you work for money (Father)"
"G10Xf_3","G10Xf_3","G10Xf. A place outside the home where you work for money (Elder brother)"
"G10Xf_4","G10Xf_4","G10Xf. A place outside the home where you work for money (Elder Sister)"
"G10Xf_5","G10Xf_5","G10Xf. A place outside the home where you work for money (Other family member)"
"G10Xf_6","G10Xf_6","G10Xf. A place outside the home where you work for money (Other-specify)"
"G10Xf_6_Other","G10Xf_6_Other","G10Xf. A place outside the home where you work for money (Other-specify) [Other (specify)]"
"G10Xg_1","G10Xg_1","Who prevented you from going to this place?(Select all that apply)  G10Xg. A place where group meetings are held. This can, include a savings group, credit group, a cooperative, or another community group. (Mother)"
"G10Xg_2","G10Xg_2","Who prevented you from going to this place?(Select all that apply)  G10Xg. A place where group meetings are held. This can, include a savings group, credit group, a cooperative, or another community group. (Father)"
"G10Xg_3","G10Xg_3","Who prevented you from going to this place?(Select all that apply)  G10Xg. A place where group meetings are held. This can, include a savings group, credit group, a cooperative, or another community group. (Elder brother)"
"G10Xg_4","G10Xg_4","Who prevented you from going to this place?(Select all that apply)  G10Xg. A place where group meetings are held. This can, include a savings group, credit group, a cooperative, or another community group. (Elder Sister)"
"G10Xg_5","G10Xg_5","Who prevented you from going to this place?(Select all that apply)  G10Xg. A place where group meetings are held. This can, include a savings group, credit group, a cooperative, or another community group. (Other family member)"
"G10Xg_6","G10Xg_6","Who prevented you from going to this place?(Select all that apply)  G10Xg. A place where group meetings are held. This can, include a savings group, credit group, a cooperative, or another community group. (Other-specify)"
"G10Xg_6_Other","G10Xg_6_Other","Who prevented you from going to this place?(Select all that apply)  G10Xg. A place where group meetings are held. This can, include a savings group, credit group, a cooperative, or another community group. (Other-specify) [Other (specify)]"
"G10Xh_1","G10Xh_1","G10Xh. Work or educational/training opportunities that would require you to spend the night away from home (Mother)"
"G10Xh_2","G10Xh_2","G10Xh. Work or educational/training opportunities that would require you to spend the night away from home (Father)"
"G10Xh_3","G10Xh_3","G10Xh. Work or educational/training opportunities that would require you to spend the night away from home (Elder brother)"
"G10Xh_4","G10Xh_4","G10Xh. Work or educational/training opportunities that would require you to spend the night away from home (Elder Sister)"
"G10Xh_5","G10Xh_5","G10Xh. Work or educational/training opportunities that would require you to spend the night away from home (Other family member)"
"G10Xh_6","G10Xh_6","G10Xh. Work or educational/training opportunities that would require you to spend the night away from home (Other-specify)"
"G10Xh_6_Other","G10Xh_6_Other","G10Xh. Work or educational/training opportunities that would require you to spend the night away from home (Other-specify) [Other (specify)]"
"G10Xi_1","G10Xi_1","Who prevented you from going to this place?(Select all that apply)  G10Xi. A social-gathering place where people might gather to watch or play sports together (Mother)"
"G10Xi_2","G10Xi_2","Who prevented you from going to this place?(Select all that apply)  G10Xi. A social-gathering place where people might gather to watch or play sports together (Father)"
"G10Xi_3","G10Xi_3","Who prevented you from going to this place?(Select all that apply)  G10Xi. A social-gathering place where people might gather to watch or play sports together (Elder brother)"
"G10Xi_4","G10Xi_4","Who prevented you from going to this place?(Select all that apply)  G10Xi. A social-gathering place where people might gather to watch or play sports together (Elder Sister)"
"G10Xi_5","G10Xi_5","Who prevented you from going to this place?(Select all that apply)  G10Xi. A social-gathering place where people might gather to watch or play sports together (Other family member)"
"G10Xi_6","G10Xi_6","Who prevented you from going to this place?(Select all that apply)  G10Xi. A social-gathering place where people might gather to watch or play sports together (Other-specify)"
"G10Xi_6_Other","G10Xi_6_Other","Who prevented you from going to this place?(Select all that apply)  G10Xi. A social-gathering place where people might gather to watch or play sports together (Other-specify) [Other (specify)]"
"G10Xj_1","G10Xj_1","G10Xj. An entertainment venue (movie theater, playhouse) (Mother)"
"G10Xj_2","G10Xj_2","G10Xj. An entertainment venue (movie theater, playhouse) (Father)"
"G10Xj_3","G10Xj_3","G10Xj. An entertainment venue (movie theater, playhouse) (Elder brother)"
"G10Xj_4","G10Xj_4","G10Xj. An entertainment venue (movie theater, playhouse) (Elder Sister)"
"G10Xj_5","G10Xj_5","G10Xj. An entertainment venue (movie theater, playhouse) (Other family member)"
"G10Xj_6","G10Xj_6","G10Xj. An entertainment venue (movie theater, playhouse) (Other-specify)"
"G10Xj_6_Other","G10Xj_6_Other","G10Xj. An entertainment venue (movie theater, playhouse) (Other-specify) [Other (specify)]"
"G10Xk_1","G10Xk_1","Who prevented you from going to this place?(Select all that apply)  G10Xk. A restaurant or coffee shop (Mother)"
"G10Xk_2","G10Xk_2","Who prevented you from going to this place?(Select all that apply)  G10Xk. A restaurant or coffee shop (Father)"
"G10Xk_3","G10Xk_3","Who prevented you from going to this place?(Select all that apply)  G10Xk. A restaurant or coffee shop (Elder brother)"
"G10Xk_4","G10Xk_4","Who prevented you from going to this place?(Select all that apply)  G10Xk. A restaurant or coffee shop (Elder Sister)"
"G10Xk_5","G10Xk_5","Who prevented you from going to this place?(Select all that apply)  G10Xk. A restaurant or coffee shop (Other family member)"
"G10Xk_6","G10Xk_6","Who prevented you from going to this place?(Select all that apply)  G10Xk. A restaurant or coffee shop (Other-specify)"
"G10Xk_6_Other","G10Xk_6_Other","Who prevented you from going to this place?(Select all that apply)  G10Xk. A restaurant or coffee shop (Other-specify) [Other (specify)]"
"G10Xl_1","G10Xl_1","G10Xl. A health center or doctor, for yourself or your child (Mother)"
"G10Xl_2","G10Xl_2","G10Xl. A health center or doctor, for yourself or your child (Father)"
"G10Xl_3","G10Xl_3","G10Xl. A health center or doctor, for yourself or your child (Elder brother)"
"G10Xl_4","G10Xl_4","G10Xl. A health center or doctor, for yourself or your child (Elder Sister)"
"G10Xl_5","G10Xl_5","G10Xl. A health center or doctor, for yourself or your child (Other family member)"
"G10Xl_6","G10Xl_6","G10Xl. A health center or doctor, for yourself or your child (Other-specify)"
"G10Xl_6_Other","G10Xl_6_Other","G10Xl. A health center or doctor, for yourself or your child (Other-specify) [Other (specify)]"
"G11","G11","G11. If you need help or have a problem, is there someone in your life - a family member, a friend, or a community member - who you can depend on to give you shelter for a few nights if you need it?"
"G12","G12","G12. If you need help or have a problem, is there someone in your life - a family member, a friend, or a community member - who you can depend on to give you financial support if you need it?"
"SectionG_End_time","SectionG_End_time","SectionG_End_Time"
"Childcare_srt_time","Childcare_srt_time","Childcare_srt_time"
"H1","H1","H1. Do you have children under age 5 years?"
"H2_1","H2_1","H2. Which of the following forms of childcare have you used for these children in the past 6 months?(Select all that apply) (Care by a grandparent or other relative in your home or their home)"
"H2_2","H2_2","H2. Which of the following forms of childcare have you used for these children in the past 6 months?(Select all that apply) (Care by someone you pay to watch them in your home)"
"H2_3","H2_3","H2. Which of the following forms of childcare have you used for these children in the past 6 months?(Select all that apply) (Care by someone you pay to watch them in their home without other children)"
"H2_4","H2_4","H2. Which of the following forms of childcare have you used for these children in the past 6 months?(Select all that apply) (Care by someone you pay to watch them in their home in a group with other children)"
"H2_5","H2_5","H2. Which of the following forms of childcare have you used for these children in the past 6 months?(Select all that apply) (Care by someone you pay to watch them in a group of children at a nursery or center)"
"H2_6","H2_6","H2. Which of the following forms of childcare have you used for these children in the past 6 months?(Select all that apply) (No one else watches them outside of you and your spouse)"
"H3_1","H3_1","H3. Which of the following forms of childcare have you used as your dominant source of care (meaning 12 or more hours each week) for these children in the past 6 months? (select all that apply) (Care by a grandparent or other relative in your home or their"
"H3_2","H3_2","H3. Which of the following forms of childcare have you used as your dominant source of care (meaning 12 or more hours each week) for these children in the past 6 months? (select all that apply) (Care by someone you pay to watch them in your home)"
"H3_3","H3_3","H3. Which of the following forms of childcare have you used as your dominant source of care (meaning 12 or more hours each week) for these children in the past 6 months? (select all that apply) (Care by someone you pay to watch them in their home without o"
"H3_4","H3_4","H3. Which of the following forms of childcare have you used as your dominant source of care (meaning 12 or more hours each week) for these children in the past 6 months? (select all that apply) (Care by someone you pay to watch them in their home in a grou"
"H3_5","H3_5","H3. Which of the following forms of childcare have you used as your dominant source of care (meaning 12 or more hours each week) for these children in the past 6 months? (select all that apply) (Care by someone you pay to watch them in a group of children "
"H4a","H4a","H4a. Attentiveness and Care provided to your child"
"H4b","H4b","H4b. Nutrition for your child (healthy food choices)"
"H4c","H4c","H4c. Communication between you and the childcare providers"
"H4d","H4d","H4d. Dependability (your access to childcare when you need it)"
"H4e","H4e","H4e. Financial Cost"
"H4f","H4f","H4f. Convenience (in terms of ease of use and proximity to home)"
"Childcare_End_time","Childcare_End_time","Childcare_End_time"
"HouseholdIncome_Start_Time","HouseholdIncome_Start_Time","Household Income_Start_Time"
"I1","I1","I1. What would you say is the total monthly income of your household?"
"Household_Income_End_Time","Household_Income_End_Time","Household Income_end_Time"
"Duration_minutes","Duration_minutes",""
"w_state","w_state",""
"w_district","w_district",""
"w_PSU","w_PSU",""
"w_HH","w_HH",""
"w_overall","w_overall",""
